,cpu,n,cpu_prop,cpu_prop_as_perc,cpu_age_in_years
1,AMD Custom APU 0405,334,0.106437221159975,10.6437221159975,NA
2,AMD Ryzen 5 3600 6-Core Processor,72,0.0229445506692161,2.29445506692161,4.4812030075188
3,11th Gen Intel(R) Core(TM) i5-1135G7 @ 2.40GHz,52,0.0165710643722116,1.65710643722116,3.32467532467532
4,AMD Ryzen 5 5600X 6-Core Processor,48,0.0152963671128107,1.52963671128107,3.14969241285031
5,AMD Ryzen 5 2600 Six-Core Processor,45,0.01434034416826,1.434034416826,5.69514695830485
6,11th Gen Intel(R) Core(TM) i3-1115G4 @ 3.00GHz,43,0.0137029955385596,1.37029955385596,3.32467532467532
7,AMD Ryzen 5 5600G with Radeon Graphics,43,0.0137029955385596,1.37029955385596,2.71496924128503
8,AMD Ryzen 5 5600 6-Core Processor,35,0.0111536010197578,1.11536010197578,1.69788106630212
9,Intel(R) Core(TM) i5-8250U CPU @ 1.60GHz,32,0.0101975780752071,1.01975780752071,6.35406698564593
10,Intel(R) Core(TM) i7-10750H CPU @ 2.60GHz,30,0.00956022944550669,0.956022944550669,3.74299384825701
11,AMD Ryzen 7 3700X 8-Core Processor,29,0.00924155513065647,0.924155513065647,4.4812030075188
12,AMD Ryzen 5 5600H with Radeon Graphics,27,0.00860420650095602,0.860420650095602,NA
13,Intel(R) Core(TM) i5-1035G1 CPU @ 1.00GHz,27,0.00860420650095602,0.860420650095602,4.41285030758715
14,AMD Ryzen 7 5700U with Radeon Graphics,26,0.0082855321861058,0.82855321861058,2.96377306903623
15,Intel(R) Core(TM) i3-1005G1 CPU @ 1.20GHz,26,0.0082855321861058,0.82855321861058,4.41285030758715
16,Intel(R) Core(TM) i5-10400F CPU @ 2.90GHz,26,0.0082855321861058,0.82855321861058,3.66643882433356
17,AMD Ryzen 3 3200G with Radeon Vega Graphics,25,0.00796685787125558,0.796685787125558,4.4812030075188
18,AMD Ryzen 7 5800X 8-Core Processor,25,0.00796685787125558,0.796685787125558,3.14969241285031
19,Intel(R) Core(TM) i5-7200U CPU @ 2.50GHz,22,0.00701083492670491,0.701083492670491,NA
20,11th Gen Intel(R) Core(TM) i5-11400H @ 2.70GHz,21,0.00669216061185468,0.669216061185469,2.63841421736159
21,AMD Ryzen 5 1600 Six-Core Processor,21,0.00669216061185468,0.669216061185469,6.71496924128503
22,AMD Ryzen 5 3500U with Radeon Vega Mobile Gfx,21,0.00669216061185468,0.669216061185469,4.97881066302119
23,AMD Ryzen 9 5900X 12-Core Processor,21,0.00669216061185468,0.669216061185469,3.14969241285031
24,Intel(R) Core(TM) i5-8265U CPU @ 1.60GHz,21,0.00669216061185468,0.669216061185469,5.24401913875598
25,AMD Ryzen 7 5700X 8-Core Processor,20,0.00637348629700446,0.637348629700446,1.74162679425837
26,Intel(R) Core(TM) i5-2400 CPU @ 3.10GHz,20,0.00637348629700446,0.637348629700446,12.9596719070403
27,12th Gen Intel(R) Core(TM) i5-12400F,19,0.00605481198215424,0.605481198215424,NA
28,AMD Ryzen 5 5500U with Radeon Graphics,19,0.00605481198215424,0.605481198215424,2.96377306903623
29,AMD Ryzen 7 5700G with Radeon Graphics,19,0.00605481198215424,0.605481198215424,2.71496924128503
30,Intel(R) Core(TM) i5-10300H CPU @ 2.50GHz,19,0.00605481198215424,0.605481198215424,3.28366370471634
31,Intel(R) Core(TM) i5-3470 CPU @ 3.20GHz,19,0.00605481198215424,0.605481198215424,11.568010936432
32,11th Gen Intel(R) Core(TM) i7-1165G7 @ 2.80GHz,18,0.00573613766730402,0.573613766730402,3.32467532467532
33,AMD Ryzen 5 4600H with Radeon Graphics,18,0.00573613766730402,0.573613766730402,3.98086124401914
34,AMD Ryzen 7 5800H with Radeon Graphics,18,0.00573613766730402,0.573613766730402,2.96377306903623
35,Intel(R) Core(TM) i3-8145U CPU @ 2.10GHz,18,0.00573613766730402,0.573613766730402,5.24401913875598
36,Intel(R) Core(TM) i5-9400F CPU @ 2.90GHz,18,0.00573613766730402,0.573613766730402,4.97334244702666
37,Intel(R) Core(TM) i7-9750H CPU @ 2.60GHz,18,0.00573613766730402,0.573613766730402,4.68626110731374
38,Intel(R) Core(TM) i3-6006U CPU @ 2.00GHz,17,0.00541746335245379,0.541746335245379,NA
39,11th Gen Intel(R) Core(TM) i5-11400F @ 2.60GHz,16,0.00509878903760357,0.509878903760357,2.79152426520848
40,AMD Ryzen 5 5500,16,0.00509878903760357,0.509878903760357,1.74162679425837
41,Intel(R) Core(TM) i5-5200U CPU @ 2.20GHz,16,0.00509878903760357,0.509878903760357,8.8257006151743
42,Intel(R) Core(TM) i5-6300U CPU @ 2.40GHz,16,0.00509878903760357,0.509878903760357,NA
43,Intel(R) Core(TM) i7-3770 CPU @ 3.40GHz,16,0.00509878903760357,0.509878903760357,11.6582365003418
44,11th Gen Intel(R) Core(TM) i7-11800H @ 2.30GHz,15,0.00478011472275335,0.478011472275335,2.63841421736159
45,AMD Ryzen 7 3800X 8-Core Processor,15,0.00478011472275335,0.478011472275335,4.4812030075188
46,Intel(R) Core(TM) i5-6200U CPU @ 2.30GHz,15,0.00478011472275335,0.478011472275335,NA
47,Intel(R) Core(TM) i5-9300H CPU @ 2.40GHz,15,0.00478011472275335,0.478011472275335,NA
48,12th Gen Intel(R) Core(TM) i5-1235U,14,0.00446144040790312,0.446144040790312,NA
49,AMD Ryzen 5 3400G with Radeon Vega Graphics,14,0.00446144040790312,0.446144040790312,4.4812030075188
50,AMD Ryzen 7 7700X 8-Core Processor,14,0.00446144040790312,0.446144040790312,1.26042378673958
51,Intel(R) Core(TM) i5-10210U CPU @ 1.60GHz,14,0.00446144040790312,0.446144040790312,4.35816814764183
52,Intel(R) Core(TM) i5-6500 CPU @ 3.20GHz,14,0.00446144040790312,0.446144040790312,8.48940533151059
53,Intel(R) Core(TM) i5-7400 CPU @ 3.00GHz,14,0.00446144040790312,0.446144040790312,6.98291182501709
54,12th Gen Intel(R) Core(TM) i5-12400,13,0.0041427660930529,0.41427660930529,NA
55,AMD Ryzen 3 3250U with Radeon Graphics,13,0.0041427660930529,0.41427660930529,3.98086124401914
56,AMD Ryzen 5 2600X Six-Core Processor,13,0.0041427660930529,0.41427660930529,5.69514695830485
57,AMD Ryzen 7 2700X Eight-Core Processor,13,0.0041427660930529,0.41427660930529,5.69514695830485
58,Intel(R) Core(TM) i3-2120 CPU @ 3.30GHz,13,0.0041427660930529,0.41427660930529,12.8448393711552
59,Intel(R) Core(TM) i5-3570 CPU @ 3.40GHz,13,0.0041427660930529,0.41427660930529,11.568010936432
60,Intel(R) Core(TM) i5-4200U CPU @ 1.60GHz,13,0.0041427660930529,0.41427660930529,10.5618591934381
61,Intel(R) Core(TM) i7-2600 CPU @ 3.40GHz,13,0.0041427660930529,0.41427660930529,NA
62,Intel(R) Core(TM) i7-6700 CPU @ 3.40GHz,13,0.0041427660930529,0.41427660930529,NA
63,Intel(R) Core(TM) i3-10110U CPU @ 2.10GHz,12,0.00382409177820268,0.382409177820268,NA
64,Intel(R) Core(TM) i3-7100 CPU @ 3.90GHz,12,0.00382409177820268,0.382409177820268,NA
65,Intel(R) Core(TM) i3-8100 CPU @ 3.60GHz,12,0.00382409177820268,0.382409177820268,NA
66,Intel(R) Core(TM) i7-8750H CPU @ 2.20GHz,12,0.00382409177820268,0.382409177820268,NA
67,AMD Ryzen 3 5300U with Radeon Graphics,11,0.00350541746335245,0.350541746335245,NA
68,AMD Ryzen 5 7600X 6-Core Processor,11,0.00350541746335245,0.350541746335245,NA
69,AMD Ryzen 7 5800X3D 8-Core Processor,11,0.00350541746335245,0.350541746335245,NA
70,AMD Ryzen 9 7900X 12-Core Processor,11,0.00350541746335245,0.350541746335245,NA
71,Intel(R) Core(TM) i5-10400 CPU @ 2.90GHz,11,0.00350541746335245,0.350541746335245,NA
72,Intel(R) Core(TM) i5-5300U CPU @ 2.30GHz,11,0.00350541746335245,0.350541746335245,NA
73,Intel(R) Core(TM) i5-6400 CPU @ 2.70GHz,11,0.00350541746335245,0.350541746335245,NA
74,Intel(R) Core(TM) i5-8300H CPU @ 2.30GHz,11,0.00350541746335245,0.350541746335245,NA
75,Intel(R) Core(TM) i5-8400 CPU @ 2.80GHz,11,0.00350541746335245,0.350541746335245,NA
76,Intel(R) Core(TM) i7-4790 CPU @ 3.60GHz,11,0.00350541746335245,0.350541746335245,NA
77,Intel(R) Core(TM) i7-6500U CPU @ 2.50GHz,11,0.00350541746335245,0.350541746335245,NA
78,Intel(R) Core(TM) i7-8700 CPU @ 3.20GHz,11,0.00350541746335245,0.350541746335245,NA
79,11th Gen Intel(R) Core(TM) i5-11400 @ 2.60GHz,10,0.00318674314850223,0.318674314850223,NA
80,12th Gen Intel(R) Core(TM) i5-12450H,10,0.00318674314850223,0.318674314850223,NA
81,AMD Ryzen 5 3600X 6-Core Processor,10,0.00318674314850223,0.318674314850223,NA
82,AMD Ryzen 5 7600 6-Core Processor,10,0.00318674314850223,0.318674314850223,NA
83,Intel(R) Core(TM) i3-7020U CPU @ 2.30GHz,10,0.00318674314850223,0.318674314850223,NA
84,Intel(R) Core(TM) i3-7100U CPU @ 2.40GHz,10,0.00318674314850223,0.318674314850223,NA
85,Intel(R) Core(TM) i5-4590 CPU @ 3.30GHz,10,0.00318674314850223,0.318674314850223,9.65686944634313
86,Intel(R) Core(TM) i7-8550U CPU @ 1.80GHz,10,0.00318674314850223,0.318674314850223,6.35406698564593
87,13th Gen Intel(R) Core(TM) i5-13600K,9,0.00286806883365201,0.286806883365201,NA
88,AMD Athlon 3000G with Radeon Vega Graphics,9,0.00286806883365201,0.286806883365201,4.10936431989064
89,Intel(R) Core(TM) i3-10100F CPU @ 3.60GHz,9,0.00286806883365201,0.286806883365201,NA
90,Intel(R) Core(TM) i3-5005U CPU @ 2.00GHz,9,0.00286806883365201,0.286806883365201,8.8257006151743
91,Intel(R) Core(TM) i5-3320M CPU @ 2.60GHz,9,0.00286806883365201,0.286806883365201,11.568010936432
92,Intel(R) Core(TM) i5-8350U CPU @ 1.70GHz,9,0.00286806883365201,0.286806883365201,6.35406698564593
93,Intel(R) Core(TM) i7-7700HQ CPU @ 2.80GHz,9,0.00286806883365201,0.286806883365201,6.98291182501709
94,11th Gen Intel(R) Core(TM) i5-1155G7 @ 2.50GHz,8,0.00254939451880178,0.254939451880178,2.58373205741627
95,11th Gen Intel(R) Core(TM) i7-11370H @ 3.30GHz,8,0.00254939451880178,0.254939451880178,2.96650717703349
96,12th Gen Intel(R) Core(TM) i3-12100F,8,0.00254939451880178,0.254939451880178,NA
97,AMD Ryzen 3 3100 4-Core Processor,8,0.00254939451880178,0.254939451880178,3.68284347231716
98,AMD Ryzen 3 3200U with Radeon Vega Mobile Gfx,8,0.00254939451880178,0.254939451880178,4.97881066302119
99,AMD Ryzen 5 4500U with Radeon Graphics,8,0.00254939451880178,0.254939451880178,3.98086124401914
100,AMD Ryzen 7 7800X3D 8-Core Processor,8,0.00254939451880178,0.254939451880178,0.989747095010253
101,Intel(R) Core(TM) i3-10100 CPU @ 3.60GHz,8,0.00254939451880178,0.254939451880178,3.66643882433356
102,Intel(R) Core(TM) i3-2100 CPU @ 3.10GHz,8,0.00254939451880178,0.254939451880178,12.8448393711552
103,Intel(R) Core(TM) i5-4460  CPU @ 3.20GHz,8,0.00254939451880178,0.254939451880178,NA
104,Intel(R) Core(TM) i5-7300U CPU @ 2.60GHz,8,0.00254939451880178,0.254939451880178,NA
105,Intel(R) Core(TM) i7-8650U CPU @ 1.90GHz,8,0.00254939451880178,0.254939451880178,6.35406698564593
106,Intel(R) Core(TM) i7-9700K CPU @ 3.60GHz,8,0.00254939451880178,0.254939451880178,5.19480519480519
107,12th Gen Intel(R) Core(TM) i5-1240P,7,0.00223072020395156,0.223072020395156,NA
108,12th Gen Intel(R) Core(TM) i5-12500H,7,0.00223072020395156,0.223072020395156,NA
109,12th Gen Intel(R) Core(TM) i7-12700H,7,0.00223072020395156,0.223072020395156,NA
110,AMD Ryzen 3 2200G with Radeon Vega Graphics,7,0.00223072020395156,0.223072020395156,5.8755980861244
111,AMD Ryzen 5 4600G with Radeon Graphics,7,0.00223072020395156,0.223072020395156,3.44224196855776
112,AMD Ryzen 7 2700 Eight-Core Processor,7,0.00223072020395156,0.223072020395156,5.69514695830485
113,AMD Ryzen 7 4800H with Radeon Graphics,7,0.00223072020395156,0.223072020395156,3.98086124401914
114,AMD Ryzen 9 5900HX with Radeon Graphics,7,0.00223072020395156,0.223072020395156,2.96377306903623
115,Intel(R) Celeron(R) N4020 CPU @ 1.10GHz,7,0.00223072020395156,0.223072020395156,NA
116,Intel(R) Core(TM) i3-8130U CPU @ 2.20GHz,7,0.00223072020395156,0.223072020395156,5.87286397812714
117,Intel(R) Core(TM) i5-3210M CPU @ 2.50GHz,7,0.00223072020395156,0.223072020395156,11.568010936432
118,Intel(R) Core(TM) i5-3230M CPU @ 2.60GHz,7,0.00223072020395156,0.223072020395156,10.9829118250171
119,Intel(R) Core(TM) i5-4210U CPU @ 1.70GHz,7,0.00223072020395156,0.223072020395156,9.70334928229665
120,Intel(R) Core(TM) i5-7300HQ CPU @ 2.50GHz,7,0.00223072020395156,0.223072020395156,6.98291182501709
121,Intel(R) Core(TM) i5-7500 CPU @ 3.40GHz,7,0.00223072020395156,0.223072020395156,6.98291182501709
122,Intel(R) Core(TM) i7-4770 CPU @ 3.40GHz,7,0.00223072020395156,0.223072020395156,10.5673274094327
123,Intel(R) Core(TM) i7-8565U CPU @ 1.80GHz,7,0.00223072020395156,0.223072020395156,5.24401913875598
124,12th Gen Intel(R) Core(TM) i5-12600K,6,0.00191204588910134,0.191204588910134,NA
125,AMD A6-9220C RADEON R5 5 COMPUTE CORES 2C3G,6,0.00191204588910134,0.191204588910134,4.97607655502392
126,AMD A8-9600 RADEON R7 10 COMPUTE CORES 4C6G,6,0.00191204588910134,0.191204588910134,6.42241968557758
127,AMD Ryzen 5 1500X Quad-Core Processor,6,0.00191204588910134,0.191204588910134,6.71496924128503
128,AMD Ryzen 5 2400G with Radeon Vega Graphics,6,0.00191204588910134,0.191204588910134,5.8755980861244
129,AMD Ryzen 5 3500 6-Core Processor,6,0.00191204588910134,0.191204588910134,4.97881066302119
130,AMD Ryzen 7 3700U with Radeon Vega Mobile Gfx,6,0.00191204588910134,0.191204588910134,4.97881066302119
131,AMD Ryzen 9 7950X 16-Core Processor,6,0.00191204588910134,0.191204588910134,1.26042378673958
132,AMD Ryzen 9 7950X3D 16-Core Processor,6,0.00191204588910134,0.191204588910134,NA
133,Intel(R) Core(TM) i3-4005U CPU @ 1.70GHz,6,0.00191204588910134,0.191204588910134,NA
134,Intel(R) Core(TM) i5-10500H CPU @ 2.50GHz,6,0.00191204588910134,0.191204588910134,NA
135,Intel(R) Core(TM) i5-2410M CPU @ 2.30GHz,6,0.00191204588910134,0.191204588910134,NA
136,Intel(R) Core(TM) i5-6600K CPU @ 3.50GHz,6,0.00191204588910134,0.191204588910134,NA
137,Intel(R) Core(TM) i7-1065G7 CPU @ 1.30GHz,6,0.00191204588910134,0.191204588910134,NA
138,Intel(R) Core(TM) i7-10700 CPU @ 2.90GHz,6,0.00191204588910134,0.191204588910134,NA
139,Intel(R) Core(TM) i7-3520M CPU @ 2.90GHz,6,0.00191204588910134,0.191204588910134,NA
140,Intel(R) Core(TM) i7-4790K CPU @ 4.00GHz,6,0.00191204588910134,0.191204588910134,NA
141,11th Gen Intel(R) Core(TM) i7-11850H @ 2.50GHz,5,0.00159337157425112,0.159337157425112,NA
142,12th Gen Intel(R) Core(TM) i3-1215U,5,0.00159337157425112,0.159337157425112,NA
143,12th Gen Intel(R) Core(TM) i5-12600KF,5,0.00159337157425112,0.159337157425112,NA
144,12th Gen Intel(R) Core(TM) i7-1260P,5,0.00159337157425112,0.159337157425112,NA
145,12th Gen Intel(R) Core(TM) i7-12700KF,5,0.00159337157425112,0.159337157425112,NA
146,AMD A9-9425 RADEON R5 5 COMPUTE CORES 2C3G,5,0.00159337157425112,0.159337157425112,NA
147,AMD Ryzen 3 2200U with Radeon Vega Mobile Gfx,5,0.00159337157425112,0.159337157425112,NA
148,AMD Ryzen 5 4500 6-Core Processor,5,0.00159337157425112,0.159337157425112,NA
149,AMD Ryzen 9 3900X 12-Core Processor,5,0.00159337157425112,0.159337157425112,NA
150,AMD Ryzen 9 5950X 16-Core Processor,5,0.00159337157425112,0.159337157425112,NA
151,AMD Ryzen 9 6900HS with Radeon Graphics,5,0.00159337157425112,0.159337157425112,NA
152,Intel(R) Core(TM) i3-10105F CPU @ 3.70GHz,5,0.00159337157425112,0.159337157425112,NA
153,Intel(R) Core(TM) i3-2330M CPU @ 2.20GHz,5,0.00159337157425112,0.159337157425112,NA
154,Intel(R) Core(TM) i3-4160 CPU @ 3.60GHz,5,0.00159337157425112,0.159337157425112,NA
155,Intel(R) Core(TM) i3-6100U CPU @ 2.30GHz,5,0.00159337157425112,0.159337157425112,NA
156,Intel(R) Core(TM) i5-3317U CPU @ 1.70GHz,5,0.00159337157425112,0.159337157425112,NA
157,Intel(R) Core(TM) i5-3337U CPU @ 1.80GHz,5,0.00159337157425112,0.159337157425112,NA
158,Intel(R) Core(TM) i5-3340M CPU @ 2.70GHz,5,0.00159337157425112,0.159337157425112,NA
159,Intel(R) Core(TM) i5-4300U CPU @ 1.90GHz,5,0.00159337157425112,0.159337157425112,NA
160,Intel(R) Core(TM) i7-2670QM CPU @ 2.20GHz,5,0.00159337157425112,0.159337157425112,NA
161,Intel(R) Core(TM) i7-3630QM CPU @ 2.40GHz,5,0.00159337157425112,0.159337157425112,NA
162,Intel(R) Core(TM) i7-6600U CPU @ 2.60GHz,5,0.00159337157425112,0.159337157425112,NA
163,Intel(R) Core(TM) i7-6700HQ CPU @ 2.60GHz,5,0.00159337157425112,0.159337157425112,NA
164,Intel(R) Core(TM) i7-6700K CPU @ 4.00GHz,5,0.00159337157425112,0.159337157425112,NA
165,Intel(R) Core(TM) i7-7500U CPU @ 2.70GHz,5,0.00159337157425112,0.159337157425112,NA
166,Intel(R) Core(TM) i7-7700 CPU @ 3.60GHz,5,0.00159337157425112,0.159337157425112,NA
167,Intel(R) Core(TM) i7-7700K CPU @ 4.20GHz,5,0.00159337157425112,0.159337157425112,NA
168,Intel(R) Core(TM) i7-8700K CPU @ 3.70GHz,5,0.00159337157425112,0.159337157425112,NA
169,Intel(R) Core(TM) i9-9900K CPU @ 3.60GHz,5,0.00159337157425112,0.159337157425112,NA
170,Intel(R) Pentium(R) Gold 7505 @ 2.00GHz,5,0.00159337157425112,0.159337157425112,NA
171,12th Gen Intel(R) Core(TM) i3-12100,4,0.00127469725940089,0.127469725940089,NA
172,12th Gen Intel(R) Core(TM) i7-12700F,4,0.00127469725940089,0.127469725940089,NA
173,12th Gen Intel(R) Core(TM) i7-12700K,4,0.00127469725940089,0.127469725940089,NA
174,13th Gen Intel(R) Core(TM) i7-13700H,4,0.00127469725940089,0.127469725940089,NA
175,13th Gen Intel(R) Core(TM) i7-13700K,4,0.00127469725940089,0.127469725940089,NA
176,AMD A6-9200 RADEON R4 5 COMPUTE CORES 2C3G,4,0.00127469725940089,0.127469725940089,NA
177,AMD A8-4500M APU with Radeon(tm) HD Graphics,4,0.00127469725940089,0.127469725940089,NA
178,AMD A9-9420 RADEON R5 5 COMPUTE CORES 2C3G,4,0.00127469725940089,0.127469725940089,NA
179,AMD FX(tm)-6300 Six-Core Processor,4,0.00127469725940089,0.127469725940089,NA
180,AMD Ryzen 5 3500X 6-Core Processor,4,0.00127469725940089,0.127469725940089,NA
181,AMD Ryzen 7 4700U with Radeon Graphics,4,0.00127469725940089,0.127469725940089,NA
182,Intel(R) Core(TM) i3-2350M CPU @ 2.30GHz,4,0.00127469725940089,0.127469725940089,NA
183,Intel(R) Core(TM) i3-3120M CPU @ 2.50GHz,4,0.00127469725940089,0.127469725940089,NA
184,Intel(R) Core(TM) i3-3217U CPU @ 1.80GHz,4,0.00127469725940089,0.127469725940089,NA
185,Intel(R) Core(TM) i3-4100M CPU @ 2.50GHz,4,0.00127469725940089,0.127469725940089,NA
186,Intel(R) Core(TM) i3-4130 CPU @ 3.40GHz,4,0.00127469725940089,0.127469725940089,NA
187,Intel(R) Core(TM) i5-2430M CPU @ 2.40GHz,4,0.00127469725940089,0.127469725940089,NA
188,Intel(R) Core(TM) i5-2450M CPU @ 2.50GHz,4,0.00127469725940089,0.127469725940089,NA
189,Intel(R) Core(TM) i5-2500 CPU @ 3.30GHz,4,0.00127469725940089,0.127469725940089,NA
190,Intel(R) Core(TM) i5-2520M CPU @ 2.50GHz,4,0.00127469725940089,0.127469725940089,NA
191,Intel(R) Core(TM) i5-3330 CPU @ 3.00GHz,4,0.00127469725940089,0.127469725940089,NA
192,Intel(R) Core(TM) i5-4440 CPU @ 3.10GHz,4,0.00127469725940089,0.127469725940089,NA
193,Intel(R) Core(TM) i5-5250U CPU @ 1.60GHz,4,0.00127469725940089,0.127469725940089,NA
194,Intel(R) Core(TM) i5-6600 CPU @ 3.30GHz,4,0.00127469725940089,0.127469725940089,NA
195,Intel(R) Core(TM) i5-9400 CPU @ 2.90GHz,4,0.00127469725940089,0.127469725940089,NA
196,Intel(R) Core(TM) i7-10700F CPU @ 2.90GHz,4,0.00127469725940089,0.127469725940089,NA
197,Intel(R) Core(TM) i7-10700K CPU @ 3.80GHz,4,0.00127469725940089,0.127469725940089,NA
198,Intel(R) Core(TM) i7-2600K CPU @ 3.40GHz,4,0.00127469725940089,0.127469725940089,NA
199,Intel(R) Core(TM) i7-4510U CPU @ 2.00GHz,4,0.00127469725940089,0.127469725940089,NA
200,Intel(R) Core(TM) i7-4600U CPU @ 2.10GHz,4,0.00127469725940089,0.127469725940089,NA
201,Intel(R) Core(TM) i7-4770K CPU @ 3.50GHz,4,0.00127469725940089,0.127469725940089,NA
202,Intel(R) Core(TM) i7-5500U CPU @ 2.40GHz,4,0.00127469725940089,0.127469725940089,NA
203,Intel(R) Core(TM) i7-7600U CPU @ 2.80GHz,4,0.00127469725940089,0.127469725940089,NA
204,Intel(R) Xeon(R) CPU E3-1270 v3 @ 3.50GHz,4,0.00127469725940089,0.127469725940089,NA
205,Intel(R) Xeon(R) CPU E5-2670 v3 @ 2.30GHz,4,0.00127469725940089,0.127469725940089,NA
206,11th Gen Intel(R) Core(TM) i7-11700F @ 2.50GHz,3,0.000956022944550669,0.0956022944550669,NA
207,11th Gen Intel(R) Core(TM) i7-11700KF @ 3.60GHz,3,0.000956022944550669,0.0956022944550669,NA
208,11th Gen Intel(R) Core(TM) i7-1185G7 @ 3.00GHz,3,0.000956022944550669,0.0956022944550669,NA
209,11th Gen Intel(R) Core(TM) i9-11900KF @ 3.50GHz,3,0.000956022944550669,0.0956022944550669,NA
210,12th Gen Intel(R) Core(TM) i7-1255U,3,0.000956022944550669,0.0956022944550669,NA
211,13th Gen Intel(R) Core(TM) i5-13600KF,3,0.000956022944550669,0.0956022944550669,NA
212,13th Gen Intel(R) Core(TM) i7-13800H,3,0.000956022944550669,0.0956022944550669,NA
213,AMD 3020e with Radeon Graphics,3,0.000956022944550669,0.0956022944550669,NA
214,AMD A10-7860K Radeon R7 12 Compute Cores 4C8G,3,0.000956022944550669,0.0956022944550669,NA
215,AMD A6-9225 RADEON R4 5 COMPUTE CORES 2C3G,3,0.000956022944550669,0.0956022944550669,NA
216,AMD A8-6410 APU with AMD Radeon R5 Graphics,3,0.000956022944550669,0.0956022944550669,NA
217,AMD A8-7650K Radeon R7 10 Compute Cores 4C6G,3,0.000956022944550669,0.0956022944550669,NA
218,AMD Athlon Gold 3150U with Radeon Graphics,3,0.000956022944550669,0.0956022944550669,NA
219,AMD Custom APU 0932,3,0.000956022944550669,0.0956022944550669,NA
220,AMD FX(tm)-4100 Quad-Core Processor,3,0.000956022944550669,0.0956022944550669,NA
221,AMD Ryzen 5 1600X Six-Core Processor,3,0.000956022944550669,0.0956022944550669,NA
222,AMD Ryzen 5 2500U with Radeon Vega Mobile Gfx,3,0.000956022944550669,0.0956022944550669,NA
223,AMD Ryzen 5 3550H with Radeon Vega Mobile Gfx,3,0.000956022944550669,0.0956022944550669,NA
224,AMD Ryzen 5 7520U with Radeon Graphics,3,0.000956022944550669,0.0956022944550669,NA
225,AMD Ryzen 5 PRO 4650U with Radeon Graphics,3,0.000956022944550669,0.0956022944550669,NA
226,AMD Ryzen 7 5825U with Radeon Graphics,3,0.000956022944550669,0.0956022944550669,NA
227,AMD Ryzen 7 6800H with Radeon Graphics,3,0.000956022944550669,0.0956022944550669,NA
228,AMD Ryzen 7 7700 8-Core Processor,3,0.000956022944550669,0.0956022944550669,NA
229,AMD Ryzen 7 7735HS with Radeon Graphics,3,0.000956022944550669,0.0956022944550669,NA
230,AMD Ryzen 7 PRO 6850U with Radeon Graphics,3,0.000956022944550669,0.0956022944550669,NA
231,Intel(R) Celeron(R) N5100 @ 1.10GHz,3,0.000956022944550669,0.0956022944550669,NA
232,Intel(R) Core(TM) i3-2328M CPU @ 2.20GHz,3,0.000956022944550669,0.0956022944550669,NA
233,Intel(R) Core(TM) i3-2348M CPU @ 2.30GHz,3,0.000956022944550669,0.0956022944550669,NA
234,Intel(R) Core(TM) i3-3110M CPU @ 2.40GHz,3,0.000956022944550669,0.0956022944550669,NA
235,Intel(R) Core(TM) i3-3210 CPU @ 3.20GHz,3,0.000956022944550669,0.0956022944550669,NA
236,Intel(R) Core(TM) i3-4010U CPU @ 1.70GHz,3,0.000956022944550669,0.0956022944550669,NA
237,Intel(R) Core(TM) i3-4030U CPU @ 1.90GHz,3,0.000956022944550669,0.0956022944550669,NA
238,Intel(R) Core(TM) i3-9100F CPU @ 3.60GHz,3,0.000956022944550669,0.0956022944550669,NA
239,Intel(R) Core(TM) i5-2500K CPU @ 3.30GHz,3,0.000956022944550669,0.0956022944550669,NA
240,Intel(R) Core(TM) i5-2540M CPU @ 2.60GHz,3,0.000956022944550669,0.0956022944550669,NA
241,Intel(R) Core(TM) i5-3450 CPU @ 3.10GHz,3,0.000956022944550669,0.0956022944550669,NA
242,Intel(R) Core(TM) i5-3470S CPU @ 2.90GHz,3,0.000956022944550669,0.0956022944550669,NA
243,Intel(R) Core(TM) i5-4200M CPU @ 2.50GHz,3,0.000956022944550669,0.0956022944550669,NA
244,Intel(R) Core(TM) i5-4570 CPU @ 3.20GHz,3,0.000956022944550669,0.0956022944550669,NA
245,Intel(R) Core(TM) i5-4570R CPU @ 2.70GHz,3,0.000956022944550669,0.0956022944550669,NA
246,Intel(R) Core(TM) i5-7500T CPU @ 2.70GHz,3,0.000956022944550669,0.0956022944550669,NA
247,Intel(R) Core(TM) i5-8365U CPU @ 1.60GHz,3,0.000956022944550669,0.0956022944550669,NA
248,Intel(R) Core(TM) i5-9600K CPU @ 3.70GHz,3,0.000956022944550669,0.0956022944550669,NA
249,Intel(R) Core(TM) i7-10870H CPU @ 2.20GHz,3,0.000956022944550669,0.0956022944550669,NA
250,Intel(R) Core(TM) i7-2620M CPU @ 2.70GHz,3,0.000956022944550669,0.0956022944550669,NA
251,Intel(R) Core(TM) i7-2630QM CPU @ 2.00GHz,3,0.000956022944550669,0.0956022944550669,NA
252,Intel(R) Core(TM) i7-4700MQ CPU @ 2.40GHz,3,0.000956022944550669,0.0956022944550669,NA
253,Intel(R) Core(TM) i7-5600U CPU @ 2.60GHz,3,0.000956022944550669,0.0956022944550669,NA
254,Intel(R) Core(TM) i7-7820HQ CPU @ 2.90GHz,3,0.000956022944550669,0.0956022944550669,NA
255,Intel(R) Core(TM) i7-8665U CPU @ 1.90GHz,3,0.000956022944550669,0.0956022944550669,NA
256,Intel(R) Core(TM) i9-10900K CPU @ 3.70GHz,3,0.000956022944550669,0.0956022944550669,NA
257,Intel(R) Xeon(R) CPU E5-2666 v3 @ 2.90GHz,3,0.000956022944550669,0.0956022944550669,NA
258,11th Gen Intel(R) Core(TM) i3-1125G4 @ 2.00GHz,2,0.000637348629700446,0.0637348629700446,NA
259,11th Gen Intel(R) Core(TM) i5-11320H @ 3.20GHz,2,0.000637348629700446,0.0637348629700446,NA
260,11th Gen Intel(R) Core(TM) i5-1145G7 @ 2.60GHz,2,0.000637348629700446,0.0637348629700446,NA
261,11th Gen Intel(R) Core(TM) i7-11700 @ 2.50GHz,2,0.000637348629700446,0.0637348629700446,NA
262,12th Gen Intel(R) Core(TM) i3-1220P,2,0.000637348629700446,0.0637348629700446,NA
263,12th Gen Intel(R) Core(TM) i7-1250U,2,0.000637348629700446,0.0637348629700446,NA
264,12th Gen Intel(R) Core(TM) i7-1270P,2,0.000637348629700446,0.0637348629700446,NA
265,12th Gen Intel(R) Core(TM) i7-12800H,2,0.000637348629700446,0.0637348629700446,NA
266,12th Gen Intel(R) Core(TM) i9-12900K,2,0.000637348629700446,0.0637348629700446,NA
267,13th Gen Intel(R) Core(TM) i3-13100F,2,0.000637348629700446,0.0637348629700446,NA
268,13th Gen Intel(R) Core(TM) i5-1335U,2,0.000637348629700446,0.0637348629700446,NA
269,13th Gen Intel(R) Core(TM) i5-13500,2,0.000637348629700446,0.0637348629700446,NA
270,13th Gen Intel(R) Core(TM) i9-13900H,2,0.000637348629700446,0.0637348629700446,NA
271,AMD A10-9600P RADEON R5 10 COMPUTE CORES 4C6G,2,0.000637348629700446,0.0637348629700446,NA
272,AMD A4-5000 APU with Radeon(TM) HD Graphics,2,0.000637348629700446,0.0637348629700446,NA
273,AMD A4-6210 APU with AMD Radeon R3 Graphics,2,0.000637348629700446,0.0637348629700446,NA
274,AMD A4-6300 APU with Radeon(tm) HD Graphics,2,0.000637348629700446,0.0637348629700446,NA
275,AMD A4-9120C RADEON R4 5 COMPUTE CORES 2C3G,2,0.000637348629700446,0.0637348629700446,NA
276,AMD A6-6310 APU with AMD Radeon R4 Graphics,2,0.000637348629700446,0.0637348629700446,NA
277,AMD Athlon Silver 3050U with Radeon Graphics,2,0.000637348629700446,0.0637348629700446,NA
278,AMD E1-2500 APU with Radeon(TM) HD Graphics,2,0.000637348629700446,0.0637348629700446,NA
279,AMD E1-6010 APU with AMD Radeon R2 Graphics,2,0.000637348629700446,0.0637348629700446,NA
280,AMD E2-9000e RADEON R2 4 COMPUTE CORES 2C2G,2,0.000637348629700446,0.0637348629700446,NA
281,AMD FX(tm)-4300 Quad-Core Processor,2,0.000637348629700446,0.0637348629700446,NA
282,AMD FX(tm)-6100 Six-Core Processor,2,0.000637348629700446,0.0637348629700446,NA
283,AMD FX(tm)-8300 Eight-Core Processor,2,0.000637348629700446,0.0637348629700446,NA
284,AMD FX(tm)-8350 Eight-Core Processor,2,0.000637348629700446,0.0637348629700446,NA
285,AMD Ryzen 3 1200 Quad-Core Processor,2,0.000637348629700446,0.0637348629700446,NA
286,AMD Ryzen 3 3300X 4-Core Processor,2,0.000637348629700446,0.0637348629700446,NA
287,AMD Ryzen 5 3600XT 6-Core Processor,2,0.000637348629700446,0.0637348629700446,NA
288,AMD Ryzen 5 PRO 2400G with Radeon Vega Graphics,2,0.000637348629700446,0.0637348629700446,NA
289,AMD Ryzen 5 PRO 2400GE w Radeon Vega Graphics,2,0.000637348629700446,0.0637348629700446,NA
290,AMD Ryzen 5 PRO 3500U w Radeon Vega Mobile Gfx,2,0.000637348629700446,0.0637348629700446,NA
291,AMD Ryzen 5 PRO 5650U with Radeon Graphics,2,0.000637348629700446,0.0637348629700446,NA
292,AMD Ryzen 7 1700X Eight-Core Processor,2,0.000637348629700446,0.0637348629700446,NA
293,AMD Ryzen 7 7735U with Radeon Graphics,2,0.000637348629700446,0.0637348629700446,NA
294,AMD Ryzen 9 5900HS with Radeon Graphics,2,0.000637348629700446,0.0637348629700446,NA
295,AMD Ryzen Z1 Extreme,2,0.000637348629700446,0.0637348629700446,NA
296,Intel(R) Celeron(R) 6305 @ 1.80GHz,2,0.000637348629700446,0.0637348629700446,NA
297,Intel(R) Core(TM) i3-10105 CPU @ 3.70GHz,2,0.000637348629700446,0.0637348629700446,NA
298,Intel(R) Core(TM) i3-2130 CPU @ 3.40GHz,2,0.000637348629700446,0.0637348629700446,NA
299,Intel(R) Core(TM) i3-2310M CPU @ 2.10GHz,2,0.000637348629700446,0.0637348629700446,NA
300,Intel(R) Core(TM) i3-3220 CPU @ 3.30GHz,2,0.000637348629700446,0.0637348629700446,NA
301,Intel(R) Core(TM) i3-3240 CPU @ 3.40GHz,2,0.000637348629700446,0.0637348629700446,NA
302,Intel(R) Core(TM) i3-4130T CPU @ 2.90GHz,2,0.000637348629700446,0.0637348629700446,NA
303,Intel(R) Core(TM) i3-4150 CPU @ 3.50GHz,2,0.000637348629700446,0.0637348629700446,NA
304,Intel(R) Core(TM) i3-4170 CPU @ 3.70GHz,2,0.000637348629700446,0.0637348629700446,NA
305,Intel(R) Core(TM) i3-7130U CPU @ 2.70GHz,2,0.000637348629700446,0.0637348629700446,NA
306,Intel(R) Core(TM) i3-9100 CPU @ 3.60GHz,2,0.000637348629700446,0.0637348629700446,NA
307,Intel(R) Core(TM) i5-10400T CPU @ 2.00GHz,2,0.000637348629700446,0.0637348629700446,NA
308,Intel(R) Core(TM) i5-10600K CPU @ 4.10GHz,2,0.000637348629700446,0.0637348629700446,NA
309,Intel(R) Core(TM) i5-3330S CPU @ 2.70GHz,2,0.000637348629700446,0.0637348629700446,NA
310,Intel(R) Core(TM) i5-4260U CPU @ 1.40GHz,2,0.000637348629700446,0.0637348629700446,NA
311,Intel(R) Core(TM) i5-4310U CPU @ 2.00GHz,2,0.000637348629700446,0.0637348629700446,NA
312,Intel(R) Core(TM) i5-4430 CPU @ 3.00GHz,2,0.000637348629700446,0.0637348629700446,NA
313,Intel(R) Core(TM) i5-4570S CPU @ 2.90GHz,2,0.000637348629700446,0.0637348629700446,NA
314,Intel(R) Core(TM) i5-4590S CPU @ 3.00GHz,2,0.000637348629700446,0.0637348629700446,NA
315,Intel(R) Core(TM) i5-4670 CPU @ 3.40GHz,2,0.000637348629700446,0.0637348629700446,NA
316,Intel(R) Core(TM) i5-6300HQ CPU @ 2.30GHz,2,0.000637348629700446,0.0637348629700446,NA
317,Intel(R) Core(TM) i5-6500T CPU @ 2.50GHz,2,0.000637348629700446,0.0637348629700446,NA
318,Intel(R) Core(TM) i5-7260U CPU @ 2.20GHz,2,0.000637348629700446,0.0637348629700446,NA
319,Intel(R) Core(TM) i5-7600K CPU @ 3.80GHz,2,0.000637348629700446,0.0637348629700446,NA
320,Intel(R) Core(TM) i5-8500T CPU @ 2.10GHz,2,0.000637348629700446,0.0637348629700446,NA
321,Intel(R) Core(TM) i5-9300HF CPU @ 2.40GHz,2,0.000637348629700446,0.0637348629700446,NA
322,Intel(R) Core(TM) i5-9600KF CPU @ 3.70GHz,2,0.000637348629700446,0.0637348629700446,NA
323,Intel(R) Core(TM) i7-10510U CPU @ 1.80GHz,2,0.000637348629700446,0.0637348629700446,NA
324,Intel(R) Core(TM) i7-14700KF,2,0.000637348629700446,0.0637348629700446,NA
325,Intel(R) Core(TM) i7-2720QM CPU @ 2.20GHz,2,0.000637348629700446,0.0637348629700446,NA
326,Intel(R) Core(TM) i7-2760QM CPU @ 2.40GHz,2,0.000637348629700446,0.0637348629700446,NA
327,Intel(R) Core(TM) i7-3960X CPU @ 3.30GHz,2,0.000637348629700446,0.0637348629700446,NA
328,Intel(R) Core(TM) i7-4500U CPU @ 1.80GHz,2,0.000637348629700446,0.0637348629700446,NA
329,Intel(R) Core(TM) i7-4870HQ CPU @ 2.50GHz,2,0.000637348629700446,0.0637348629700446,NA
330,Intel(R) Core(TM) i7-8700T CPU @ 2.40GHz,2,0.000637348629700446,0.0637348629700446,NA
331,Intel(R) Core(TM) i7-8850H CPU @ 2.60GHz,2,0.000637348629700446,0.0637348629700446,NA
332,Intel(R) Core(TM) i7-9700 CPU @ 3.00GHz,2,0.000637348629700446,0.0637348629700446,NA
333,Intel(R) Core(TM) i7-9700KF CPU @ 3.60GHz,2,0.000637348629700446,0.0637348629700446,NA
334,Intel(R) Core(TM) i9-10850K CPU @ 3.60GHz,2,0.000637348629700446,0.0637348629700446,NA
335,Intel(R) Core(TM) i9-9900KF CPU @ 3.60GHz,2,0.000637348629700446,0.0637348629700446,NA
336,Intel(R) Core(TM)2 Duo CPU     E8400  @ 3.00GHz,2,0.000637348629700446,0.0637348629700446,NA
337,Intel(R) Core(TM)2 Duo CPU     T6400  @ 2.00GHz,2,0.000637348629700446,0.0637348629700446,NA
338,Intel(R) Core(TM)2 Quad CPU    Q9650  @ 3.00GHz,2,0.000637348629700446,0.0637348629700446,NA
339,Intel(R) Xeon(R) CPU E5-2620 v3 @ 2.40GHz,2,0.000637348629700446,0.0637348629700446,NA
340,Intel(R) Xeon(R) CPU E5-2630 v3 @ 2.40GHz,2,0.000637348629700446,0.0637348629700446,NA
341,11th Gen Intel(R) Core(TM) i5-11260H @ 2.60GHz,1,0.000318674314850223,0.0318674314850223,NA
342,11th Gen Intel(R) Core(TM) i5-11300H @ 3.10GHz,1,0.000318674314850223,0.0318674314850223,NA
343,11th Gen Intel(R) Core(TM) i5-11600K @ 3.90GHz,1,0.000318674314850223,0.0318674314850223,NA
344,11th Gen Intel(R) Core(TM) i7-1195G7 @ 2.90GHz,1,0.000318674314850223,0.0318674314850223,NA
345,11th Gen Intel(R) Core(TM) i9-11900H @ 2.50GHz,1,0.000318674314850223,0.0318674314850223,NA
346,11th Gen Intel(R) Core(TM) i9-11980HK @ 2.60GHz,1,0.000318674314850223,0.0318674314850223,NA
347,12th Gen Intel(R) Core(TM) i7-12650H,1,0.000318674314850223,0.0318674314850223,NA
348,12th Gen Intel(R) Core(TM) i7-12700,1,0.000318674314850223,0.0318674314850223,NA
349,12th Gen Intel(R) Core(TM) i9-12900HK,1,0.000318674314850223,0.0318674314850223,NA
350,12th Gen Intel(R) Core(TM) i9-12900KF,1,0.000318674314850223,0.0318674314850223,NA
351,13th Gen Intel(R) Core(TM) i5-13420H,1,0.000318674314850223,0.0318674314850223,NA
352,13th Gen Intel(R) Core(TM) i7-1355U,1,0.000318674314850223,0.0318674314850223,NA
353,13th Gen Intel(R) Core(TM) i7-13620H,1,0.000318674314850223,0.0318674314850223,NA
354,13th Gen Intel(R) Core(TM) i7-13700,1,0.000318674314850223,0.0318674314850223,NA
355,13th Gen Intel(R) Core(TM) i7-13700F,1,0.000318674314850223,0.0318674314850223,NA
356,13th Gen Intel(R) Core(TM) i7-13700HX,1,0.000318674314850223,0.0318674314850223,NA
357,13th Gen Intel(R) Core(TM) i7-13700KF,1,0.000318674314850223,0.0318674314850223,NA
358,13th Gen Intel(R) Core(TM) i9-13900HX,1,0.000318674314850223,0.0318674314850223,NA
359,13th Gen Intel(R) Core(TM) i9-13900K,1,0.000318674314850223,0.0318674314850223,NA
360,AMD A10-5700 APU with Radeon(tm) HD Graphics,1,0.000318674314850223,0.0318674314850223,NA
361,AMD A10-5745M APU with Radeon(tm) HD Graphics,1,0.000318674314850223,0.0318674314850223,NA
362,AMD A10-5800K APU with Radeon(tm) HD Graphics,1,0.000318674314850223,0.0318674314850223,NA
363,AMD A10-7300 Radeon R6 10 Compute Cores 4C6G,1,0.000318674314850223,0.0318674314850223,NA
364,AMD A10-7850K Radeon R7 12 Compute Cores 4C8G,1,0.000318674314850223,0.0318674314850223,NA
365,AMD A10-7870K Radeon R7 12 Compute Cores 4C8G,1,0.000318674314850223,0.0318674314850223,NA
366,AMD A10-9620P RADEON R5 10 COMPUTE CORES 4C6G,1,0.000318674314850223,0.0318674314850223,NA
367,AMD A12-9720P RADEON R7 12 COMPUTE CORES 4C8G,1,0.000318674314850223,0.0318674314850223,NA
368,AMD A4-1250 APU with Radeon(TM) HD Graphics,1,0.000318674314850223,0.0318674314850223,NA
369,AMD A4-4300M APU with Radeon(tm) HD Graphics,1,0.000318674314850223,0.0318674314850223,NA
370,AMD A4-5300 APU with Radeon(tm) HD Graphics,1,0.000318674314850223,0.0318674314850223,NA
371,AMD A4-7210 APU with AMD Radeon R3 Graphics,1,0.000318674314850223,0.0318674314850223,NA
372,AMD A4-9120 RADEON R3 4 COMPUTE CORES 2C2G,1,0.000318674314850223,0.0318674314850223,NA
373,AMD A4-9125 RADEON R3 4 COMPUTE CORES 2C2G,1,0.000318674314850223,0.0318674314850223,NA
374,AMD A6-4455M APU with Radeon(tm) HD Graphics,1,0.000318674314850223,0.0318674314850223,NA
375,AMD A6-6400K APU with Radeon(tm) HD Graphics,1,0.000318674314850223,0.0318674314850223,NA
376,AMD A6-7310 APU with AMD Radeon R4 Graphics,1,0.000318674314850223,0.0318674314850223,NA
377,AMD A8-6600K APU with Radeon(tm) HD Graphics,1,0.000318674314850223,0.0318674314850223,NA
378,AMD A8-7410 APU with AMD Radeon R5 Graphics,1,0.000318674314850223,0.0318674314850223,NA
379,AMD A8-7680 Radeon R7 10 Compute Cores 4C6G,1,0.000318674314850223,0.0318674314850223,NA
380,AMD Athlon 200GE with Radeon Vega Graphics,1,0.000318674314850223,0.0318674314850223,NA
381,AMD Athlon 300GE with Radeon Vega Graphics,1,0.000318674314850223,0.0318674314850223,NA
382,AMD Athlon Silver 3050e with Radeon Graphics,1,0.000318674314850223,0.0318674314850223,NA
383,AMD Athlon(tm) 5350 APU with Radeon(tm) R3,1,0.000318674314850223,0.0318674314850223,NA
384,AMD Athlon(tm) X4 845 Quad Core Processor,1,0.000318674314850223,0.0318674314850223,NA
385,AMD E-450 APU with Radeon(tm) HD Graphics,1,0.000318674314850223,0.0318674314850223,NA
386,AMD E1-6015 APU with Radeon(TM) HD Graphics,1,0.000318674314850223,0.0318674314850223,NA
387,AMD E2-3000 APU with Radeon(TM) HD Graphics,1,0.000318674314850223,0.0318674314850223,NA
388,AMD E2-3800 APU with Radeon(TM) HD Graphics,1,0.000318674314850223,0.0318674314850223,NA
389,AMD E2-9000 RADEON R2 4 COMPUTE CORES 2C2G,1,0.000318674314850223,0.0318674314850223,NA
390,AMD Embedded G-Series GX-420GI Radeon R7E,1,0.000318674314850223,0.0318674314850223,NA
391,AMD FX-8370 Eight-Core Processor,1,0.000318674314850223,0.0318674314850223,NA
392,AMD PRO A8-8600B R6 10 Compute Cores 4C6G,1,0.000318674314850223,0.0318674314850223,NA
393,AMD PRO A8-8650B R7 10 Compute Cores 4C6G,1,0.000318674314850223,0.0318674314850223,NA
394,AMD Ryzen 3 1300X Quad-Core Processor,1,0.000318674314850223,0.0318674314850223,NA
395,AMD Ryzen 3 2200GE with Radeon Vega Graphics,1,0.000318674314850223,0.0318674314850223,NA
396,AMD Ryzen 3 3200GE with Radeon Vega Graphics,1,0.000318674314850223,0.0318674314850223,NA
397,AMD Ryzen 3 4100 4-Core Processor,1,0.000318674314850223,0.0318674314850223,NA
398,AMD Ryzen 3 4200GE with Radeon Graphics,1,0.000318674314850223,0.0318674314850223,NA
399,AMD Ryzen 3 4300G with Radeon Graphics,1,0.000318674314850223,0.0318674314850223,NA
400,AMD Ryzen 3 4300GE with Radeon Graphics,1,0.000318674314850223,0.0318674314850223,NA
401,AMD Ryzen 3 7320U with Radeon Graphics,1,0.000318674314850223,0.0318674314850223,NA
402,AMD Ryzen 3 7330U with Radeon Graphics,1,0.000318674314850223,0.0318674314850223,NA
403,AMD Ryzen 3 PRO 4450U with Radeon Graphics,1,0.000318674314850223,0.0318674314850223,NA
404,AMD Ryzen 5 1400 Quad-Core Processor,1,0.000318674314850223,0.0318674314850223,NA
405,AMD Ryzen 5 3450U with Radeon Vega Mobile Gfx,1,0.000318674314850223,0.0318674314850223,NA
406,AMD Ryzen 5 5600U with Radeon Graphics,1,0.000318674314850223,0.0318674314850223,NA
407,AMD Ryzen 5 5600X3D 6-Core Processor,1,0.000318674314850223,0.0318674314850223,NA
408,AMD Ryzen 5 5625U with Radeon Graphics,1,0.000318674314850223,0.0318674314850223,NA
409,AMD Ryzen 5 7500F 6-Core Processor,1,0.000318674314850223,0.0318674314850223,NA
410,AMD Ryzen 5 7535U with Radeon Graphics,1,0.000318674314850223,0.0318674314850223,NA
411,AMD Ryzen 5 7640U w Radeon 760M Graphics,1,0.000318674314850223,0.0318674314850223,NA
412,AMD Ryzen 5 PRO 3400G with Radeon Vega Graphics,1,0.000318674314850223,0.0318674314850223,NA
413,AMD Ryzen 5 PRO 5675U with Radeon Graphics,1,0.000318674314850223,0.0318674314850223,NA
414,AMD Ryzen 7 1700 Eight-Core Processor,1,0.000318674314850223,0.0318674314850223,NA
415,AMD Ryzen 7 1800X Eight-Core Processor,1,0.000318674314850223,0.0318674314850223,NA
416,AMD Ryzen 7 3750H with Radeon Vega Mobile Gfx,1,0.000318674314850223,0.0318674314850223,NA
417,AMD Ryzen 7 3800XT 8-Core Processor,1,0.000318674314850223,0.0318674314850223,NA
418,AMD Ryzen 7 4700G with Radeon Graphics,1,0.000318674314850223,0.0318674314850223,NA
419,AMD Ryzen 7 4800U with Radeon Graphics,1,0.000318674314850223,0.0318674314850223,NA
420,AMD Ryzen 7 5800 8-Core Processor,1,0.000318674314850223,0.0318674314850223,NA
421,AMD Ryzen 7 5800U with Radeon Graphics,1,0.000318674314850223,0.0318674314850223,NA
422,AMD Ryzen 7 6800HS with Radeon Graphics,1,0.000318674314850223,0.0318674314850223,NA
423,AMD Ryzen 7 6800U with Radeon Graphics,1,0.000318674314850223,0.0318674314850223,NA
424,AMD Ryzen 7 7730U with Radeon Graphics,1,0.000318674314850223,0.0318674314850223,NA
425,AMD Ryzen 7 7840HS w Radeon 780M Graphics,1,0.000318674314850223,0.0318674314850223,NA
426,AMD Ryzen 7 7840HS with Radeon 780M Graphics,1,0.000318674314850223,0.0318674314850223,NA
427,AMD Ryzen 7 7840U w Radeon  780M Graphics,1,0.000318674314850223,0.0318674314850223,NA
428,AMD Ryzen 9 3900XT 12-Core Processor,1,0.000318674314850223,0.0318674314850223,NA
429,AMD Ryzen 9 3950X 16-Core Processor,1,0.000318674314850223,0.0318674314850223,NA
430,AMD Ryzen 9 4900H with Radeon Graphics,1,0.000318674314850223,0.0318674314850223,NA
431,AMD Ryzen 9 4900HS with Radeon Graphics,1,0.000318674314850223,0.0318674314850223,NA
432,AMD Ryzen 9 7900 12-Core Processor,1,0.000318674314850223,0.0318674314850223,NA
433,AMD Ryzen Embedded V1605B with Radeon Vega Gfx,1,0.000318674314850223,0.0318674314850223,NA
434,AMD Sempron(tm) 2650 APU with Radeon(tm) R3,1,0.000318674314850223,0.0318674314850223,NA
435,Genuine Intel(R) CPU 0000 @ 2.60GHz,1,0.000318674314850223,0.0318674314850223,NA
436,Genuine Intel(R) CPU @ 2.00GHz,1,0.000318674314850223,0.0318674314850223,NA
437,Intel(R) Atom(TM) x5-Z8350  CPU @ 1.44GHz,1,0.000318674314850223,0.0318674314850223,NA
438,Intel(R) Celeron(R) CPU          900  @ 2.20GHz,1,0.000318674314850223,0.0318674314850223,NA
439,Intel(R) Celeron(R) CPU        P4500  @ 1.87GHz,1,0.000318674314850223,0.0318674314850223,NA
440,Intel(R) Celeron(R) CPU  N2830  @ 2.16GHz,1,0.000318674314850223,0.0318674314850223,NA
441,Intel(R) Celeron(R) CPU 1007U @ 1.50GHz,1,0.000318674314850223,0.0318674314850223,NA
442,Intel(R) Celeron(R) CPU 5205U @ 1.90GHz,1,0.000318674314850223,0.0318674314850223,NA
443,Intel(R) Celeron(R) CPU 847 @ 1.10GHz,1,0.000318674314850223,0.0318674314850223,NA
444,Intel(R) Celeron(R) N4000 CPU @ 1.10GHz,1,0.000318674314850223,0.0318674314850223,NA
445,Intel(R) Celeron(R) N4120 CPU @ 1.10GHz,1,0.000318674314850223,0.0318674314850223,NA
446,Intel(R) Core(TM) M-5Y31 CPU @ 0.90GHz,1,0.000318674314850223,0.0318674314850223,NA
447,Intel(R) Core(TM) i3-2370M CPU @ 2.40GHz,1,0.000318674314850223,0.0318674314850223,NA
448,Intel(R) Core(TM) i3-3250 CPU @ 3.50GHz,1,0.000318674314850223,0.0318674314850223,NA
449,Intel(R) Core(TM) i3-4330 CPU @ 3.50GHz,1,0.000318674314850223,0.0318674314850223,NA
450,Intel(R) Core(TM) i3-5010U CPU @ 2.10GHz,1,0.000318674314850223,0.0318674314850223,NA
451,Intel(R) Core(TM) i3-5020U CPU @ 2.20GHz,1,0.000318674314850223,0.0318674314850223,NA
452,Intel(R) Core(TM) i3-6100 CPU @ 3.70GHz,1,0.000318674314850223,0.0318674314850223,NA
453,Intel(R) Core(TM) i3-6157U CPU @ 2.40GHz,1,0.000318674314850223,0.0318674314850223,NA
454,Intel(R) Core(TM) i3-7100T CPU @ 3.40GHz,1,0.000318674314850223,0.0318674314850223,NA
455,Intel(R) Core(TM) i3-8300 CPU @ 3.70GHz,1,0.000318674314850223,0.0318674314850223,NA
456,Intel(R) Core(TM) i5 CPU         650  @ 3.20GHz,1,0.000318674314850223,0.0318674314850223,NA
457,Intel(R) Core(TM) i5 CPU         760  @ 2.80GHz,1,0.000318674314850223,0.0318674314850223,NA
458,Intel(R) Core(TM) i5-10505 CPU @ 3.20GHz,1,0.000318674314850223,0.0318674314850223,NA
459,Intel(R) Core(TM) i5-10600 CPU @ 3.30GHz,1,0.000318674314850223,0.0318674314850223,NA
460,Intel(R) Core(TM) i5-2300 CPU @ 2.80GHz,1,0.000318674314850223,0.0318674314850223,NA
461,Intel(R) Core(TM) i5-2320 CPU @ 3.00GHz,1,0.000318674314850223,0.0318674314850223,NA
462,Intel(R) Core(TM) i5-2400S CPU @ 2.50GHz,1,0.000318674314850223,0.0318674314850223,NA
463,Intel(R) Core(TM) i5-2435M CPU @ 2.40GHz,1,0.000318674314850223,0.0318674314850223,NA
464,Intel(R) Core(TM) i5-2467M CPU @ 1.60GHz,1,0.000318674314850223,0.0318674314850223,NA
465,Intel(R) Core(TM) i5-2500S CPU @ 2.70GHz,1,0.000318674314850223,0.0318674314850223,NA
466,Intel(R) Core(TM) i5-3340 CPU @ 3.10GHz,1,0.000318674314850223,0.0318674314850223,NA
467,Intel(R) Core(TM) i5-3350P CPU @ 3.10GHz,1,0.000318674314850223,0.0318674314850223,NA
468,Intel(R) Core(TM) i5-3427U CPU @ 1.80GHz,1,0.000318674314850223,0.0318674314850223,NA
469,Intel(R) Core(TM) i5-3437U CPU @ 1.90GHz,1,0.000318674314850223,0.0318674314850223,NA
470,Intel(R) Core(TM) i5-3570K CPU @ 3.40GHz,1,0.000318674314850223,0.0318674314850223,NA
471,Intel(R) Core(TM) i5-4210M CPU @ 2.60GHz,1,0.000318674314850223,0.0318674314850223,NA
472,Intel(R) Core(TM) i5-4210Y CPU @ 1.50GHz,1,0.000318674314850223,0.0318674314850223,NA
473,Intel(R) Core(TM) i5-4278U CPU @ 2.60GHz,1,0.000318674314850223,0.0318674314850223,NA
474,Intel(R) Core(TM) i5-4288U CPU @ 2.60GHz,1,0.000318674314850223,0.0318674314850223,NA
475,Intel(R) Core(TM) i5-4310M CPU @ 2.70GHz,1,0.000318674314850223,0.0318674314850223,NA
476,Intel(R) Core(TM) i5-4340M CPU @ 2.90GHz,1,0.000318674314850223,0.0318674314850223,NA
477,Intel(R) Core(TM) i5-4590T CPU @ 2.00GHz,1,0.000318674314850223,0.0318674314850223,NA
478,Intel(R) Core(TM) i5-4670K CPU @ 3.40GHz,1,0.000318674314850223,0.0318674314850223,NA
479,Intel(R) Core(TM) i5-4690 CPU @ 3.50GHz,1,0.000318674314850223,0.0318674314850223,NA
480,Intel(R) Core(TM) i5-4690K CPU @ 3.50GHz,1,0.000318674314850223,0.0318674314850223,NA
481,Intel(R) Core(TM) i5-5257U CPU @ 2.70GHz,1,0.000318674314850223,0.0318674314850223,NA
482,Intel(R) Core(TM) i5-6400T CPU @ 2.20GHz,1,0.000318674314850223,0.0318674314850223,NA
483,Intel(R) Core(TM) i5-6440HQ CPU @ 2.60GHz,1,0.000318674314850223,0.0318674314850223,NA
484,Intel(R) Core(TM) i5-7400T CPU @ 2.40GHz,1,0.000318674314850223,0.0318674314850223,NA
485,Intel(R) Core(TM) i5-8400T CPU @ 1.70GHz,1,0.000318674314850223,0.0318674314850223,NA
486,Intel(R) Core(TM) i5-8500 CPU @ 3.00GHz,1,0.000318674314850223,0.0318674314850223,NA
487,Intel(R) Core(TM) i5-8500B CPU @ 3.00GHz,1,0.000318674314850223,0.0318674314850223,NA
488,Intel(R) Core(TM) i5-8600K CPU @ 3.60GHz,1,0.000318674314850223,0.0318674314850223,NA
489,Intel(R) Core(TM) i7 CPU         860  @ 2.80GHz,1,0.000318674314850223,0.0318674314850223,NA
490,Intel(R) Core(TM) i7-10610U CPU @ 1.80GHz,1,0.000318674314850223,0.0318674314850223,NA
491,Intel(R) Core(TM) i7-10700KF CPU @ 3.80GHz,1,0.000318674314850223,0.0318674314850223,NA
492,Intel(R) Core(TM) i7-10850H CPU @ 2.70GHz,1,0.000318674314850223,0.0318674314850223,NA
493,Intel(R) Core(TM) i7-10875H CPU @ 2.30GHz,1,0.000318674314850223,0.0318674314850223,NA
494,Intel(R) Core(TM) i7-2637M CPU @ 1.70GHz,1,0.000318674314850223,0.0318674314850223,NA
495,Intel(R) Core(TM) i7-2677M CPU @ 1.80GHz,1,0.000318674314850223,0.0318674314850223,NA
496,Intel(R) Core(TM) i7-3540M CPU @ 3.00GHz,1,0.000318674314850223,0.0318674314850223,NA
497,Intel(R) Core(TM) i7-3610QM CPU @ 2.30GHz,1,0.000318674314850223,0.0318674314850223,NA
498,Intel(R) Core(TM) i7-3612QM CPU @ 2.10GHz,1,0.000318674314850223,0.0318674314850223,NA
499,Intel(R) Core(TM) i7-3720QM CPU @ 2.60GHz,1,0.000318674314850223,0.0318674314850223,NA
500,Intel(R) Core(TM) i7-4600M CPU @ 2.90GHz,1,0.000318674314850223,0.0318674314850223,NA
501,Intel(R) Core(TM) i7-4610M CPU @ 3.00GHz,1,0.000318674314850223,0.0318674314850223,NA
502,Intel(R) Core(TM) i7-4710HQ CPU @ 2.50GHz,1,0.000318674314850223,0.0318674314850223,NA
503,Intel(R) Core(TM) i7-4720HQ CPU @ 2.60GHz,1,0.000318674314850223,0.0318674314850223,NA
504,Intel(R) Core(TM) i7-4770S CPU @ 3.10GHz,1,0.000318674314850223,0.0318674314850223,NA
505,Intel(R) Core(TM) i7-4790S CPU @ 3.20GHz,1,0.000318674314850223,0.0318674314850223,NA
506,Intel(R) Core(TM) i7-4810MQ CPU @ 2.80GHz,1,0.000318674314850223,0.0318674314850223,NA
507,Intel(R) Core(TM) i7-4930K CPU @ 3.40GHz,1,0.000318674314850223,0.0318674314850223,NA
508,Intel(R) Core(TM) i7-5557U CPU @ 3.10GHz,1,0.000318674314850223,0.0318674314850223,NA
509,Intel(R) Core(TM) i7-5820K CPU @ 3.30GHz,1,0.000318674314850223,0.0318674314850223,NA
510,Intel(R) Core(TM) i7-6800K CPU @ 3.40GHz,1,0.000318674314850223,0.0318674314850223,NA
511,Intel(R) Core(TM) i7-6820HQ CPU @ 2.70GHz,1,0.000318674314850223,0.0318674314850223,NA
512,Intel(R) Core(TM) i7-6920HQ CPU @ 2.90GHz,1,0.000318674314850223,0.0318674314850223,NA
513,Intel(R) Core(TM) i7-7800X CPU @ 3.50GHz,1,0.000318674314850223,0.0318674314850223,NA
514,Intel(R) Core(TM) i7-8086K CPU @ 4.00GHz,1,0.000318674314850223,0.0318674314850223,NA
515,Intel(R) Core(TM) i7-9700F CPU @ 3.00GHz,1,0.000318674314850223,0.0318674314850223,NA
516,Intel(R) Core(TM) i7-9700T CPU @ 2.00GHz,1,0.000318674314850223,0.0318674314850223,NA
517,Intel(R) Core(TM) i7-9850H CPU @ 2.60GHz,1,0.000318674314850223,0.0318674314850223,NA
518,Intel(R) Core(TM) i9-10900 CPU @ 2.80GHz,1,0.000318674314850223,0.0318674314850223,NA
519,Intel(R) Core(TM) i9-14900K,1,0.000318674314850223,0.0318674314850223,NA
520,Intel(R) Core(TM) m7-6Y75 CPU @ 1.20GHz,1,0.000318674314850223,0.0318674314850223,NA
521,Intel(R) Core(TM)2 Duo CPU     E6750  @ 2.66GHz,1,0.000318674314850223,0.0318674314850223,NA
522,Intel(R) N100,1,0.000318674314850223,0.0318674314850223,NA
523,Intel(R) Pentium(R) CPU  N3710  @ 1.60GHz,1,0.000318674314850223,0.0318674314850223,NA
524,Intel(R) Pentium(R) CPU G630 @ 2.70GHz,1,0.000318674314850223,0.0318674314850223,NA
525,Intel(R) Pentium(R) Silver N5030 CPU @ 1.10GHz,1,0.000318674314850223,0.0318674314850223,NA
526,Intel(R) Xeon(R) CPU           X5680  @ 3.33GHz,1,0.000318674314850223,0.0318674314850223,NA
527,Intel(R) Xeon(R) CPU E3-1220 v3 @ 3.10GHz,1,0.000318674314850223,0.0318674314850223,NA
528,Intel(R) Xeon(R) CPU E3-1230 V2 @ 3.30GHz,1,0.000318674314850223,0.0318674314850223,NA
529,Intel(R) Xeon(R) CPU E3-1231 v3 @ 3.40GHz,1,0.000318674314850223,0.0318674314850223,NA
530,Intel(R) Xeon(R) CPU E3-1240 V2 @ 3.40GHz,1,0.000318674314850223,0.0318674314850223,NA
531,Intel(R) Xeon(R) CPU E3-1535M v5 @ 2.90GHz,1,0.000318674314850223,0.0318674314850223,NA
532,Intel(R) Xeon(R) CPU E31245 @ 3.30GHz,1,0.000318674314850223,0.0318674314850223,NA
533,Intel(R) Xeon(R) CPU E5-1620 0 @ 3.60GHz,1,0.000318674314850223,0.0318674314850223,NA
534,Intel(R) Xeon(R) CPU E5-1620 v2 @ 3.70GHz,1,0.000318674314850223,0.0318674314850223,NA
535,Intel(R) Xeon(R) CPU E5-1620 v4 @ 3.50GHz,1,0.000318674314850223,0.0318674314850223,NA
536,Intel(R) Xeon(R) CPU E5-2637 v4 @ 3.50GHz,1,0.000318674314850223,0.0318674314850223,NA
537,Intel(R) Xeon(R) CPU E5-2650 v2 @ 2.60GHz,1,0.000318674314850223,0.0318674314850223,NA
538,Intel(R) Xeon(R) CPU E5-2667 v4 @ 3.20GHz,1,0.000318674314850223,0.0318674314850223,NA
539,Intel(R) Xeon(R) CPU E5-2670 0 @ 2.60GHz,1,0.000318674314850223,0.0318674314850223,NA
540,Intel(R) Xeon(R) CPU E5-2678 v3 @ 2.50GHz,1,0.000318674314850223,0.0318674314850223,NA
541,Intel(R) Xeon(R) CPU E5-2680 v3 @ 2.50GHz,1,0.000318674314850223,0.0318674314850223,NA
542,Intel(R) Xeon(R) CPU E5-2690 v2 @ 3.00GHz,1,0.000318674314850223,0.0318674314850223,NA
543,Intel(R) Xeon(R) CPU E5-2696 v3 @ 2.30GHz,1,0.000318674314850223,0.0318674314850223,NA
544,Intel(R) Xeon(R) CPU E5-2699 v3 @ 2.30GHz,1,0.000318674314850223,0.0318674314850223,NA
545,Intel(R) Xeon(R) W-10885M CPU @ 2.40GHz,1,0.000318674314850223,0.0318674314850223,NA
